ID,Category AR,Category EN,Intent AR,Intent EN,Question AR,Question EN,Answer AR,Answer EN,Keywords AR,Keywords EN,Required Data AR,Required Data EN,Bot Action AR,Bot Action EN,Escalate?,Escalation Reason AR,Escalation Reason EN,Priority
1,معلومات عامة,General Information,تعريف الخدمة,Service Overview,ما هي خدمة خزّن ووصل؟,What is Khazen w Wasel?,خزّن ووصل هي خدمة لوجستية للتخزين وتجهيز الطلبات والتوصيل من منصة واحدة.,"Khazen w Wasel is a logistics service for storage, fulfillment, and delivery through one platform.",خدمة، تعريف، خزّن، وصل,"service, overview, fulfillment",,,إجابة مباشرة,Direct answer,No,,,Medium
2,معلومات عامة,General Information,تعريف الخدمة,Service Overview,كيف تعمل الخدمة؟,How does the service work?,تستلم الخدمة منتجاتك، تسجلها في المخزون، ثم تجهز الطلبات وتوصلها للعملاء عند ورود الطلب.,"The service receives your products, records them in inventory, then prepares and delivers orders to customers.",خدمة، تعريف، خزّن، وصل,"service, overview, fulfillment",,,إجابة مباشرة,Direct answer,No,,,Medium
3,معلومات عامة,General Information,تعريف الخدمة,Service Overview,من يستفيد من الخدمة؟,Who benefits from the service?,تخدم المتاجر الإلكترونية، بائعي منصات التواصل، المشاريع الصغيرة والمتوسطة، والشركات.,"It serves e-commerce stores, social media sellers, SMEs, and companies.",خدمة، تعريف، خزّن، وصل,"service, overview, fulfillment",,,إجابة مباشرة,Direct answer,No,,,Medium
4,معلومات عامة,General Information,تعريف الخدمة,Service Overview,ما الفرق بينها وبين التوصيل العادي؟,How is it different from normal delivery?,التوصيل العادي ينقل شحنة جاهزة، أما خزّن ووصل فيدير التخزين والمخزون والتجهيز والتوصيل.,"Normal delivery moves a ready parcel; Khazen w Wasel manages storage, inventory, fulfillment, and delivery.",خدمة، تعريف، خزّن، وصل,"service, overview, fulfillment",,,إجابة مباشرة,Direct answer,No,,,Medium
5,معلومات عامة,General Information,تعريف الخدمة,Service Overview,هل الخدمة للأفراد أم الشركات؟,Is it for individuals or companies?,الخدمة موجهة بشكل رئيسي للتجار والشركات، ويمكن دراسة طلبات الأفراد حسب النشاط.,The service is mainly for merchants and businesses; individual requests can be reviewed by activity type.,خدمة، تعريف، خزّن، وصل,"service, overview, fulfillment",,,إجابة مباشرة,Direct answer,No,,,Medium
6,معلومات عامة,General Information,تعريف الخدمة,Service Overview,هل الخدمة متاحة في كل الإمارات؟,Is it available in all Emirates?,التغطية تعتمد على مواقع التخزين وشركات التوصيل المتاحة، ويتم تأكيدها من التطبيق أو الدعم.,Coverage depends on storage locations and courier partners and is confirmed through the app or support.,خدمة، تعريف، خزّن، وصل,"service, overview, fulfillment",,,إجابة مباشرة,Direct answer,No,,,Medium
7,معلومات عامة,General Information,تعريف الخدمة,Service Overview,هل يمكن استخدام التخزين فقط؟,Can I use storage only?,نعم، يمكن دراسة التخزين فقط حسب نوع المنتج والمساحة والباقات المتاحة.,"Yes, storage-only can be reviewed based on product type, space, and available packages.",خدمة، تعريف، خزّن، وصل,"service, overview, fulfillment",,,إجابة مباشرة,Direct answer,No,,,Medium
8,معلومات عامة,General Information,تعريف الخدمة,Service Overview,هل يمكن استخدام التوصيل فقط؟,Can I use delivery only?,نعم، يمكن دراسة التوصيل فقط حسب حجم الطلبات والتغطية والاتفاق التجاري.,"Yes, delivery-only can be reviewed based on order volume, coverage, and commercial agreement.",خدمة، تعريف، خزّن، وصل,"service, overview, fulfillment",,,إجابة مباشرة,Direct answer,No,,,Medium
9,معلومات عامة,General Information,تعريف الخدمة,Service Overview,ما أهم مزايا الخدمة؟,What are the key benefits?,تقليل الجهد التشغيلي، متابعة المخزون والطلبات، خيارات توصيل متعددة، وتجربة أفضل للعميل.,"Reduced operational effort, inventory and order tracking, multiple delivery options, and better customer experience.",خدمة، تعريف، خزّن، وصل,"service, overview, fulfillment",,,إجابة مباشرة,Direct answer,No,,,Medium
10,معلومات عامة,General Information,تعريف الخدمة,Service Overview,هل الخدمة مناسبة للمشاريع الصغيرة؟,Is the service suitable for small businesses?,نعم، لأنها تساعدهم على التشغيل بدون مستودع وفريق تجهيز مستقل.,"Yes, it helps them operate without a separate warehouse and fulfillment team.",خدمة، تعريف، خزّن، وصل,"service, overview, fulfillment",,,إجابة مباشرة,Direct answer,No,,,Medium
11,التسجيل والحساب,Registration & Account,إنشاء الحساب,Account Setup,كيف أسجل في الخدمة؟,How do I register?,يمكن التسجيل من التطبيق أو الموقع بإدخال بيانات النشاط والتواصل ثم إرسال الطلب للمراجعة.,"Register through the app or website by entering business and contact details, then submit for review.",تسجيل، حساب، تفعيل,"registration, account, activation",,,إجابة مباشرة,Direct answer,No,,,Medium
12,التسجيل والحساب,Registration & Account,إنشاء الحساب,Account Setup,ما البيانات المطلوبة للتسجيل؟,What details are required to register?,اسم النشاط، المسؤول، الهاتف، البريد، نوع المنتجات، حجم الطلبات المتوقع، ومناطق التوصيل.,"Business name, contact person, phone, email, product type, expected order volume, and delivery areas.",تسجيل، حساب، تفعيل,"registration, account, activation",,,إجابة مباشرة,Direct answer,No,,,Medium
13,التسجيل والحساب,Registration & Account,إنشاء الحساب,Account Setup,هل أحتاج إلى رخصة تجارية؟,Do I need a trade license?,يفضل توفر رخصة تجارية للحسابات التجارية، ويمكن مراجعة الحالات الأخرى حسب النشاط.,A trade license is preferred for business accounts; other cases can be reviewed based on activity.,تسجيل، حساب، تفعيل,"registration, account, activation",,,إجابة مباشرة,Direct answer,No,,,Medium
14,التسجيل والحساب,Registration & Account,إنشاء الحساب,Account Setup,كم يستغرق تفعيل الحساب؟,How long does activation take?,يعتمد على اكتمال البيانات والمستندات، وسيتم إشعارك بعد المراجعة.,It depends on completing the details and documents; you will be notified after review.,تسجيل، حساب، تفعيل,"registration, account, activation",,,إجابة مباشرة,Direct answer,No,,,Medium
15,التسجيل والحساب,Registration & Account,إنشاء الحساب,Account Setup,لم تصلني رسالة التفعيل، ماذا أفعل؟,I did not receive the activation message. What should I do?,تحقق من رقم الهاتف والبريد والبريد غير الهام، ثم تواصل مع الدعم إذا استمرت المشكلة.,"Check your phone number, email, spam folder, then contact support if the issue continues.",تسجيل، حساب، تفعيل,"registration, account, activation",,,إجابة مباشرة,Direct answer,No,,,Medium
16,التسجيل والحساب,Registration & Account,إنشاء الحساب,Account Setup,نسيت كلمة المرور، كيف أستعيدها؟,I forgot my password. How do I reset it?,استخدم خيار نسيت كلمة المرور وأدخل الهاتف أو البريد المسجل لاستلام رمز أو رابط التعيين.,Use Forgot Password and enter your registered phone or email to receive a reset code or link.,تسجيل، حساب، تفعيل,"registration, account, activation",,,إجابة مباشرة,Direct answer,No,,,Medium
17,التسجيل والحساب,Registration & Account,إنشاء الحساب,Account Setup,هل يمكن إضافة مستخدمين للحساب؟,Can I add users to my account?,نعم، يمكن إضافة مستخدمين وصلاحيات مختلفة إذا كانت الخاصية متاحة في التطبيق.,"Yes, users and different permissions can be added if the feature is available in the app.",تسجيل، حساب، تفعيل,"registration, account, activation",,,إجابة مباشرة,Direct answer,No,,,Medium
18,التسجيل والحساب,Registration & Account,إنشاء الحساب,Account Setup,كيف أغير بيانات الشركة؟,How do I update company details?,يمكن التعديل من إعدادات الحساب، وقد تتطلب بعض التغييرات مراجعة أو مستندات داعمة.,Update from account settings; some changes may require review or supporting documents.,تسجيل، حساب، تفعيل,"registration, account, activation",,,إجابة مباشرة,Direct answer,No,,,Medium
19,التسجيل والحساب,Registration & Account,إنشاء الحساب,Account Setup,هل توجد رسوم تسجيل؟,Is there a registration fee?,تعتمد رسوم التسجيل على الباقة والعرض التجاري، إن وجدت.,"Registration fees, if any, depend on the package and commercial offer.",تسجيل، حساب، تفعيل,"registration, account, activation",,,إجابة مباشرة,Direct answer,No,,,Medium
20,التسجيل والحساب,Registration & Account,إنشاء الحساب,Account Setup,هل يمكن تجربة الخدمة قبل الاشتراك؟,Can I try the service before subscribing?,يمكن دراسة تجربة أو مرحلة تجريبية حسب النشاط وحجم الطلبات والاعتماد التجاري.,"A trial or pilot can be reviewed based on activity, order volume, and commercial approval.",تسجيل، حساب، تفعيل,"registration, account, activation",,,إجابة مباشرة,Direct answer,No,,,Medium
21,الباقات والأسعار,Packages & Pricing,الأسعار والباقات,Pricing Inquiry,ما هي الباقات المتاحة؟,What packages are available?,تختلف الباقات حسب مساحة التخزين وعدد المنتجات والطلبات وخدمات التجهيز والتوصيل.,"Packages vary by storage space, SKUs, orders, and fulfillment and delivery services.",سعر، باقة، رسوم,"price, package, fees",,,إجابة مباشرة,Direct answer,No,,,Medium
22,الباقات والأسعار,Packages & Pricing,الأسعار والباقات,Pricing Inquiry,كم سعر الاشتراك الشهري؟,What is the monthly subscription price?,السعر يعتمد على الباقة والاستخدام، ويمكن عرضه في التطبيق أو من خلال عرض مخصص.,The price depends on the package and usage and can be shown in the app or through a custom quote.,سعر، باقة، رسوم,"price, package, fees",,,إجابة مباشرة,Direct answer,No,,,Medium
23,الباقات والأسعار,Packages & Pricing,الأسعار والباقات,Pricing Inquiry,هل الأسعار تشمل الضريبة؟,Do prices include VAT?,يرجى مراجعة تفاصيل الباقة لمعرفة ما إذا كانت الأسعار شاملة أو غير شاملة للضريبة.,Check package details to see whether prices include or exclude VAT.,سعر، باقة، رسوم,"price, package, fees",,,إجابة مباشرة,Direct answer,No,,,Medium
24,الباقات والأسعار,Packages & Pricing,الأسعار والباقات,Pricing Inquiry,هل توجد رسوم لكل طلب؟,Are there fees per order?,قد تطبق رسوم على التجهيز أو التغليف أو التوصيل أو المرتجعات حسب الباقة.,"Fees may apply for fulfillment, packing, delivery, or returns depending on the package.",سعر، باقة، رسوم,"price, package, fees",,,إجابة مباشرة,Direct answer,No,,,Medium
25,الباقات والأسعار,Packages & Pricing,الأسعار والباقات,Pricing Inquiry,هل يمكن الحصول على سعر خاص؟,Can I get special pricing?,نعم، يتم تصعيد طلب السعر الخاص للفريق التجاري حسب حجم الطلبات.,"Yes, special pricing requests are escalated to the commercial team based on order volume.",سعر، باقة، رسوم,"price, package, fees",,,إجابة مباشرة,Direct answer,No,,,Medium
26,الباقات والأسعار,Packages & Pricing,الأسعار والباقات,Pricing Inquiry,هل يوجد حد أدنى للطلبات؟,Is there a minimum order volume?,قد يوجد حد أدنى في بعض الباقات أو العقود، ويتم توضيحه في العرض التجاري.,"Some packages or contracts may include a minimum order volume, stated in the commercial offer.",سعر، باقة، رسوم,"price, package, fees",,,إجابة مباشرة,Direct answer,No,,,Medium
27,الباقات والأسعار,Packages & Pricing,الأسعار والباقات,Pricing Inquiry,هل يمكن تغيير الباقة لاحقاً؟,Can I change the package later?,نعم، يمكن ترقية أو تعديل الباقة حسب الاستخدام والمتطلبات.,"Yes, the package can be upgraded or adjusted based on usage and requirements.",سعر، باقة، رسوم,"price, package, fees",,,إجابة مباشرة,Direct answer,No,,,Medium
28,الباقات والأسعار,Packages & Pricing,الأسعار والباقات,Pricing Inquiry,هل التغليف مشمول؟,Is packing included?,يعتمد على الباقة؛ التغليف الأساسي قد يكون مشمولاً والتغليف الخاص قد يكون برسوم.,It depends on the package; basic packing may be included and custom packing may have fees.,سعر، باقة، رسوم,"price, package, fees",,,إجابة مباشرة,Direct answer,No,,,Medium
29,الباقات والأسعار,Packages & Pricing,الأسعار والباقات,Pricing Inquiry,ماذا إذا تجاوزت حدود الباقة؟,What if I exceed package limits?,سيتم احتساب رسوم إضافية أو اقتراح ترقية الباقة.,Additional fees may apply or a package upgrade may be suggested.,سعر، باقة، رسوم,"price, package, fees",,,إجابة مباشرة,Direct answer,No,,,Medium
30,الباقات والأسعار,Packages & Pricing,الأسعار والباقات,Pricing Inquiry,هل توجد رسوم إلغاء؟,Are there cancellation fees?,تعتمد على شروط الاشتراك أو العقد ويجب مراجعتها قبل الإلغاء.,They depend on subscription or contract terms and should be reviewed before cancellation.,سعر، باقة، رسوم,"price, package, fees",,,إجابة مباشرة,Direct answer,No,,,Medium
31,التخزين والمخزون,Storage & Inventory,إدارة المخزون,Inventory Management,أين يتم تخزين المنتجات؟,Where are products stored?,يتم التخزين في مواقع مخصصة ومعتمدة حسب المساحة ونوع المنتج.,Products are stored in approved designated locations based on space and product type.,مخزون، SKU، تخزين,"inventory, SKU, storage",,,إجابة مباشرة,Direct answer,No,,,Medium
32,التخزين والمخزون,Storage & Inventory,إدارة المخزون,Inventory Management,ما المنتجات المسموح بها؟,What products are allowed?,المنتجات العامة مثل الملابس والإكسسوارات والإلكترونيات الصغيرة ومستحضرات التجميل غير المقيدة.,"General products such as apparel, accessories, small electronics, and non-restricted cosmetics.",مخزون، SKU، تخزين,"inventory, SKU, storage",,,إجابة مباشرة,Direct answer,No,,,Medium
33,التخزين والمخزون,Storage & Inventory,إدارة المخزون,Inventory Management,ما المنتجات غير المسموح بها؟,What products are not allowed?,المواد الخطرة أو الممنوعة أو القابلة للاشتعال أو سريعة التلف أو التي تحتاج تبريداً خاصاً دون موافقة.,"Hazardous, prohibited, flammable, perishable, or temperature-controlled items without approval.",مخزون، SKU، تخزين,"inventory, SKU, storage",,,إجابة مباشرة,Direct answer,No,,,Medium
34,التخزين والمخزون,Storage & Inventory,إدارة المخزون,Inventory Management,هل يمكن تخزين منتجات قابلة للكسر؟,Can fragile products be stored?,يمكن ذلك بشرط تغليف مناسب وتعليمات مناولة واضحة.,"Yes, with suitable packaging and clear handling instructions.",مخزون، SKU، تخزين,"inventory, SKU, storage",,,إجابة مباشرة,Direct answer,No,,,Medium
35,التخزين والمخزون,Storage & Inventory,إدارة المخزون,Inventory Management,كيف أعرف كمية المخزون؟,How do I know available inventory?,من لوحة التحكم أو التطبيق حسب كل منتج ورمز SKU.,Through the dashboard or app by product and SKU.,مخزون، SKU، تخزين,"inventory, SKU, storage",,,إجابة مباشرة,Direct answer,No,,,Medium
36,التخزين والمخزون,Storage & Inventory,إدارة المخزون,Inventory Management,هل توجد تنبيهات انخفاض المخزون؟,Are there low-stock alerts?,يمكن تفعيل تنبيهات عند وصول الكمية إلى حد معين.,Alerts can be enabled when quantity reaches a defined threshold.,مخزون، SKU، تخزين,"inventory, SKU, storage",,,إجابة مباشرة,Direct answer,No,,,Medium
37,التخزين والمخزون,Storage & Inventory,إدارة المخزون,Inventory Management,هل أحتاج SKU لكل منتج؟,Do I need an SKU for each product?,نعم، يفضل وجود SKU لتسهيل التتبع والتقارير والتجهيز.,"Yes, an SKU is recommended for tracking, reporting, and fulfillment.",مخزون، SKU، تخزين,"inventory, SKU, storage",,,إجابة مباشرة,Direct answer,No,,,Medium
38,التخزين والمخزون,Storage & Inventory,إدارة المخزون,Inventory Management,هل يتم فحص المنتجات عند الاستلام؟,Are products checked on receiving?,يتم التحقق من الكمية والحالة الظاهرية وتسجيل الملاحظات.,Quantity and visible condition are checked and notes are recorded.,مخزون، SKU، تخزين,"inventory, SKU, storage",,,إجابة مباشرة,Direct answer,No,,,Medium
39,التخزين والمخزون,Storage & Inventory,إدارة المخزون,Inventory Management,ماذا إذا تلف منتج أثناء التخزين؟,What if a product is damaged during storage?,يجب رفع بلاغ مع رقم المنتج والصور وسيتم مراجعة الحالة حسب السياسة.,Raise a case with product ID and photos; it will be reviewed according to policy.,مخزون، SKU، تخزين,"inventory, SKU, storage",,,إجابة مباشرة,Direct answer,No,,,Medium
40,التخزين والمخزون,Storage & Inventory,إدارة المخزون,Inventory Management,هل يمكن سحب المنتجات من التخزين؟,Can I withdraw products from storage?,نعم، يمكن طلب السحب أو الإرجاع حسب الإجراءات والرسوم.,"Yes, withdrawal or return can be requested according to procedures and fees.",مخزون، SKU، تخزين,"inventory, SKU, storage",,,إجابة مباشرة,Direct answer,No,,,Medium
41,استلام المنتجات,Product Receiving,إدخال المخزون,Inbound Stock,كيف أرسل منتجاتي للتخزين؟,How do I send products to storage?,أنشئ طلب إدخال مخزون في التطبيق وحدد طريقة التسليم أو الاستلام.,Create an inbound stock request in the app and choose drop-off or pickup.,استلام، إدخال، كمية,"receiving, inbound, quantity",,,إجابة مباشرة,Direct answer,No,,,Medium
42,استلام المنتجات,Product Receiving,إدخال المخزون,Inbound Stock,هل توفرون استلام من موقعي؟,Do you provide pickup from my location?,يمكن توفير الاستلام حسب المنطقة وحجم الشحنة والاتفاق التجاري.,"Pickup can be provided based on area, shipment size, and commercial agreement.",استلام، إدخال، كمية,"receiving, inbound, quantity",,,إجابة مباشرة,Direct answer,No,,,Medium
43,استلام المنتجات,Product Receiving,إدخال المخزون,Inbound Stock,هل يمكنني تسليم المنتجات بنفسي؟,Can I drop off products myself?,نعم في مواقع محددة وبعد إنشاء طلب أو حجز موعد.,"Yes, at selected locations after creating a request or booking an appointment.",استلام، إدخال، كمية,"receiving, inbound, quantity",,,إجابة مباشرة,Direct answer,No,,,Medium
44,استلام المنتجات,Product Receiving,إدخال المخزون,Inbound Stock,ما بيانات التسليم المطلوبة؟,What handover details are required?,قائمة المنتجات والكميات ورموز SKU والوصف وتعليمات المناولة.,"Product list, quantities, SKUs, description, and handling instructions.",استلام، إدخال، كمية,"receiving, inbound, quantity",,,إجابة مباشرة,Direct answer,No,,,Medium
45,استلام المنتجات,Product Receiving,إدخال المخزون,Inbound Stock,كم يستغرق إدخال المنتجات؟,How long does inbound processing take?,يعتمد على حجم الشحنة واكتمال البيانات، ويتم تحديث الحالة بعد التسجيل.,It depends on shipment size and data completeness; status updates after registration.,استلام، إدخال، كمية,"receiving, inbound, quantity",,,إجابة مباشرة,Direct answer,No,,,Medium
46,استلام المنتجات,Product Receiving,إدخال المخزون,Inbound Stock,ماذا إذا كانت الكمية غير صحيحة؟,What if the received quantity is incorrect?,ارفع بلاغاً برقم طلب الإدخال والكمية المتوقعة والكمية الظاهرة.,"Raise a case with inbound request number, expected quantity, and displayed quantity.",استلام، إدخال، كمية,"receiving, inbound, quantity",,,إجابة مباشرة,Direct answer,No,,,Medium
47,استلام المنتجات,Product Receiving,إدخال المخزون,Inbound Stock,هل يجب تغليف المنتجات مسبقاً؟,Do products need to be pre-packed?,يفضل أن تكون منظمة ومحمية، خصوصاً المنتجات الحساسة أو القابلة للكسر.,"They should preferably be organized and protected, especially fragile or sensitive items.",استلام، إدخال، كمية,"receiving, inbound, quantity",,,إجابة مباشرة,Direct answer,No,,,Medium
48,استلام المنتجات,Product Receiving,إدخال المخزون,Inbound Stock,هل يتم رفض المنتجات غير المطابقة؟,Can non-compliant products be rejected?,نعم، إذا خالفت السياسات أو شروط السلامة أو البيانات المقدمة.,"Yes, if they violate policies, safety requirements, or submitted data.",استلام، إدخال، كمية,"receiving, inbound, quantity",,,إجابة مباشرة,Direct answer,No,,,Medium
49,إدارة الطلبات,Order Management,إنشاء الطلبات,Order Creation,كيف أنشئ طلب توصيل؟,How do I create a delivery order?,اختر إنشاء طلب، حدد المنتجات والكميات، أدخل بيانات العميل والعنوان، ثم أكد الطلب.,"Select Create Order, choose products and quantities, enter customer and address details, then confirm.",طلب، إنشاء، تعديل,"order, create, edit",,,إجابة مباشرة,Direct answer,No,,,Medium
50,إدارة الطلبات,Order Management,إنشاء الطلبات,Order Creation,ما بيانات الطلب المطلوبة؟,What order details are required?,اسم العميل ورقم الهاتف والعنوان الكامل والمنتجات وطريقة الدفع أو التوصيل.,"Customer name, phone, full address, products, and payment or delivery method.",طلب، إنشاء، تعديل,"order, create, edit",,,إجابة مباشرة,Direct answer,No,,,Medium
51,إدارة الطلبات,Order Management,إنشاء الطلبات,Order Creation,هل يمكن رفع طلبات جماعية؟,Can I upload orders in bulk?,نعم، عبر Excel أو الربط التقني إذا كانت الخاصية متاحة.,"Yes, through Excel or integration if the feature is available.",طلب، إنشاء، تعديل,"order, create, edit",,,إجابة مباشرة,Direct answer,No,,,Medium
52,إدارة الطلبات,Order Management,إنشاء الطلبات,Order Creation,هل يمكن تعديل الطلب؟,Can I edit an order?,يمكن التعديل قبل بدء التجهيز، وبعدها قد تكون التعديلات محدودة.,"It can be edited before fulfillment starts; after that, changes may be limited.",طلب، إنشاء، تعديل,"order, create, edit",,,إجابة مباشرة,Direct answer,No,,,Medium
53,إدارة الطلبات,Order Management,إنشاء الطلبات,Order Creation,هل يمكن إلغاء الطلب؟,Can I cancel an order?,يمكن الإلغاء قبل التجهيز أو التسليم لشركة التوصيل، وقد تطبق رسوم بعد ذلك.,Cancellation is possible before fulfillment or courier handover; fees may apply after that.,طلب، إنشاء، تعديل,"order, create, edit",,,إجابة مباشرة,Direct answer,No,,,Medium
54,إدارة الطلبات,Order Management,إنشاء الطلبات,Order Creation,ماذا تعني قيد التجهيز؟,What does Preparing mean?,يعني أن فريق التشغيل يختار المنتج ويجهزه للتغليف أو التوصيل.,It means operations are picking and preparing the product for packing or delivery.,طلب، إنشاء، تعديل,"order, create, edit",,,إجابة مباشرة,Direct answer,No,,,Medium
55,إدارة الطلبات,Order Management,إنشاء الطلبات,Order Creation,ماذا تعني تم الشحن؟,What does Shipped mean?,يعني أن الطلب تم تسليمه لشركة التوصيل.,It means the order has been handed over to the courier.,طلب، إنشاء، تعديل,"order, create, edit",,,إجابة مباشرة,Direct answer,No,,,Medium
56,إدارة الطلبات,Order Management,إنشاء الطلبات,Order Creation,ماذا تعني تم التسليم؟,What does Delivered mean?,يعني أن الطلب وصل إلى العميل وتم تحديث الحالة.,It means the order reached the customer and the status was updated.,طلب، إنشاء، تعديل,"order, create, edit",,,إجابة مباشرة,Direct answer,No,,,Medium
57,إدارة الطلبات,Order Management,إنشاء الطلبات,Order Creation,هل يمكن جدولة الطلب؟,Can I schedule an order?,قد تكون الجدولة متاحة حسب شركة التوصيل والمنطقة ونوع الخدمة.,"Scheduling may be available depending on courier, area, and service type.",طلب، إنشاء، تعديل,"order, create, edit",,,إجابة مباشرة,Direct answer,No,,,Medium
58,إدارة الطلبات,Order Management,إنشاء الطلبات,Order Creation,هل يمكن إضافة تعليمات للسائق؟,Can I add driver instructions?,نعم، مثل رقم البناية أو وقت التواصل أو ملاحظات التسليم.,"Yes, such as building number, contact time, or delivery notes.",طلب، إنشاء، تعديل,"order, create, edit",,,إجابة مباشرة,Direct answer,No,,,Medium
59,التجهيز والتغليف,Fulfillment & Packing,تجهيز الطلب,Order Fulfillment,هل تقومون بتجهيز الطلبات؟,Do you fulfill orders?,نعم، يتم اختيار المنتجات وتجهيزها حسب تفاصيل الطلب.,"Yes, products are picked and prepared according to order details.",تجهيز، تغليف، شعار,"fulfillment, packing, branded",,,إجابة مباشرة,Direct answer,No,,,Medium
60,التجهيز والتغليف,Fulfillment & Packing,تجهيز الطلب,Order Fulfillment,هل تقدمون خدمة التغليف؟,Do you provide packing?,نعم، يوجد تغليف أساسي، ويمكن دراسة التغليف الخاص.,"Yes, basic packing is available and custom packing can be reviewed.",تجهيز، تغليف، شعار,"fulfillment, packing, branded",,,إجابة مباشرة,Direct answer,No,,,Medium
61,التجهيز والتغليف,Fulfillment & Packing,تجهيز الطلب,Order Fulfillment,هل يمكن استخدام تغليف بشعار متجري؟,Can I use branded packaging?,نعم إذا تم توفيره واعتماده تشغيلياً مسبقاً.,"Yes, if provided and operationally approved in advance.",تجهيز، تغليف، شعار,"fulfillment, packing, branded",,,إجابة مباشرة,Direct answer,No,,,Medium
62,التجهيز والتغليف,Fulfillment & Packing,تجهيز الطلب,Order Fulfillment,هل يمكن إضافة بطاقة شكر؟,Can a thank-you card be added?,نعم، إذا تم توفيرها وتسجيلها ضمن تعليمات التجهيز.,"Yes, if provided and registered in fulfillment instructions.",تجهيز، تغليف، شعار,"fulfillment, packing, branded",,,إجابة مباشرة,Direct answer,No,,,Medium
63,التجهيز والتغليف,Fulfillment & Packing,تجهيز الطلب,Order Fulfillment,هل يمكن تغليف المنتجات القابلة للكسر؟,Can fragile products be packed?,نعم بتغليف مناسب، وقد تطبق شروط أو رسوم إضافية.,"Yes, with suitable packaging; extra conditions or fees may apply.",تجهيز، تغليف، شعار,"fulfillment, packing, branded",,,إجابة مباشرة,Direct answer,No,,,Medium
64,التجهيز والتغليف,Fulfillment & Packing,تجهيز الطلب,Order Fulfillment,هل يتم تصوير الطلب قبل الشحن؟,Is the order photographed before shipping?,قد تكون الخاصية متاحة حسب الباقة أو الإجراء التشغيلي.,This may be available depending on package or operating procedure.,تجهيز، تغليف، شعار,"fulfillment, packing, branded",,,إجابة مباشرة,Direct answer,No,,,Medium
65,التجهيز والتغليف,Fulfillment & Packing,تجهيز الطلب,Order Fulfillment,ماذا إذا لم يتوفر المنتج؟,What if a product is out of stock?,سيتم إيقاف الطلب وإشعارك لاتخاذ قرار الاستبدال أو الإلغاء.,The order is paused and you are notified to replace or cancel.,تجهيز، تغليف، شعار,"fulfillment, packing, branded",,,إجابة مباشرة,Direct answer,No,,,Medium
66,التجهيز والتغليف,Fulfillment & Packing,تجهيز الطلب,Order Fulfillment,هل يمكن دمج منتجات في شحنة واحدة؟,Can products be combined in one shipment?,نعم إذا كانت ضمن نفس الطلب وتناسب الشحن والتغليف.,"Yes, if in the same order and suitable for shipping and packing.",تجهيز، تغليف، شعار,"fulfillment, packing, branded",,,إجابة مباشرة,Direct answer,No,,,Medium
67,الشحن والتوصيل,Shipping & Delivery,التوصيل والتتبع,Delivery & Tracking,من يقوم بالتوصيل؟,Who delivers the orders?,يتم التوصيل عبر شبكة التوصيل المعتمدة وشركات الشحن المتاحة.,Delivery is handled by the approved delivery network and available courier partners.,شحن، توصيل، تتبع,"shipping, delivery, tracking",,,إجابة مباشرة,Direct answer,No,,,Medium
68,الشحن والتوصيل,Shipping & Delivery,التوصيل والتتبع,Delivery & Tracking,ما شركات التوصيل المتاحة؟,Which couriers are available?,قد تشمل Emirates Post وAramex وDHL وFedEx وNaqel وSkyNet وغيرها حسب التغطية.,"Options may include Emirates Post, Aramex, DHL, FedEx, Naqel, SkyNet, and others depending on coverage.",شحن، توصيل، تتبع,"shipping, delivery, tracking",,,إجابة مباشرة,Direct answer,No,,,Medium
69,الشحن والتوصيل,Shipping & Delivery,التوصيل والتتبع,Delivery & Tracking,كم مدة التوصيل داخل الإمارات؟,How long does UAE delivery take?,تعتمد على الإمارة والمنطقة ونوع الخدمة ووقت إنشاء الطلب.,"It depends on Emirate, area, service type, and order creation time.",شحن، توصيل، تتبع,"shipping, delivery, tracking",,,إجابة مباشرة,Direct answer,No,,,Medium
70,الشحن والتوصيل,Shipping & Delivery,التوصيل والتتبع,Delivery & Tracking,هل يوجد توصيل في نفس اليوم؟,Is same-day delivery available?,قد يتوفر في مناطق محددة وضمن أوقات قطع تشغيلية.,It may be available in selected areas within operational cut-off times.,شحن، توصيل، تتبع,"shipping, delivery, tracking",,,إجابة مباشرة,Direct answer,No,,,Medium
71,الشحن والتوصيل,Shipping & Delivery,التوصيل والتتبع,Delivery & Tracking,هل يوجد توصيل في اليوم التالي؟,Is next-day delivery available?,نعم حسب المنطقة ونوع الخدمة وشركة التوصيل.,"Yes, depending on area, service type, and courier.",شحن، توصيل، تتبع,"shipping, delivery, tracking",,,إجابة مباشرة,Direct answer,No,,,Medium
72,الشحن والتوصيل,Shipping & Delivery,التوصيل والتتبع,Delivery & Tracking,هل يمكن التوصيل للمناطق البعيدة؟,Can you deliver to remote areas?,يمكن حسب تغطية شركة التوصيل، وقد تطبق مدة أو رسوم إضافية.,Possible depending on courier coverage; extra time or fees may apply.,شحن، توصيل، تتبع,"shipping, delivery, tracking",,,إجابة مباشرة,Direct answer,No,,,Medium
73,الشحن والتوصيل,Shipping & Delivery,التوصيل والتتبع,Delivery & Tracking,هل يمكن للعميل تتبع الطلب؟,Can the customer track the order?,نعم، يمكن مشاركة رابط أو رقم تتبع حسب شركة التوصيل.,"Yes, a tracking link or number can be shared depending on the courier.",شحن، توصيل، تتبع,"shipping, delivery, tracking",,,إجابة مباشرة,Direct answer,No,,,Medium
74,الشحن والتوصيل,Shipping & Delivery,التوصيل والتتبع,Delivery & Tracking,ماذا إذا فشل التوصيل؟,What if delivery fails?,تظهر حالة الفشل وسببه، وقد تتم إعادة المحاولة أو إرجاع الشحنة حسب السياسة.,The failed status and reason appear; reattempt or return may follow policy.,شحن، توصيل، تتبع,"shipping, delivery, tracking",,,إجابة مباشرة,Direct answer,No,,,Medium
75,الشحن والتوصيل,Shipping & Delivery,التوصيل والتتبع,Delivery & Tracking,كم عدد محاولات التوصيل؟,How many delivery attempts are made?,يعتمد على شركة التوصيل ونوع الخدمة والسياسة المعتمدة.,"It depends on the courier, service type, and approved policy.",شحن، توصيل، تتبع,"shipping, delivery, tracking",,,إجابة مباشرة,Direct answer,No,,,Medium
76,الشحن والتوصيل,Shipping & Delivery,التوصيل والتتبع,Delivery & Tracking,هل يوجد شحن دولي؟,Is international shipping available?,يمكن دراسة الشحن الدولي حسب الدولة ونوع المنتج والمتطلبات الجمركية.,"International shipping can be reviewed by destination, product type, and customs requirements.",شحن، توصيل، تتبع,"shipping, delivery, tracking",,,إجابة مباشرة,Direct answer,No,,,Medium
77,الدفع والفواتير,Payments & Billing,المدفوعات والفواتير,Payments & Invoices,كيف أدفع رسوم الخدمة؟,How do I pay service fees?,يمكن الدفع بالطرق المعتمدة مثل البطاقة أو التحويل أو المحفظة أو الفوترة الشهرية.,"Payment can be made via approved methods such as card, transfer, wallet, or monthly billing.",دفع، فاتورة، محفظة,"payment, invoice, wallet",,,إجابة مباشرة,Direct answer,No,,,Medium
78,الدفع والفواتير,Payments & Billing,المدفوعات والفواتير,Payments & Invoices,هل يوجد نظام محفظة؟,Is there a wallet system?,قد تتوفر محفظة لخصم رسوم الطلبات والتوصيل من الرصيد.,A wallet may be available to deduct order and delivery fees from balance.,دفع، فاتورة، محفظة,"payment, invoice, wallet",,,إجابة مباشرة,Direct answer,No,,,Medium
79,الدفع والفواتير,Payments & Billing,المدفوعات والفواتير,Payments & Invoices,كيف أشحن المحفظة؟,How do I top up the wallet?,يتم الشحن من التطبيق أو طريقة الدفع المعتمدة ويظهر الرصيد بعد التأكيد.,Top up through the app or approved payment method; balance appears after confirmation.,دفع، فاتورة، محفظة,"payment, invoice, wallet",,,إجابة مباشرة,Direct answer,No,,,Medium
80,الدفع والفواتير,Payments & Billing,المدفوعات والفواتير,Payments & Invoices,ماذا إذا لم يكن الرصيد كافياً؟,What if the balance is insufficient?,قد يتوقف الطلب حتى يتم شحن المحفظة أو تأكيد طريقة دفع بديلة.,The order may pause until the wallet is topped up or another payment method is confirmed.,دفع، فاتورة، محفظة,"payment, invoice, wallet",,,إجابة مباشرة,Direct answer,No,,,Medium
81,الدفع والفواتير,Payments & Billing,المدفوعات والفواتير,Payments & Invoices,هل يمكن تحميل الفاتورة؟,Can I download invoices?,نعم من قسم الفواتير إذا كانت الخاصية مفعلة.,"Yes, from the billing section if the feature is enabled.",دفع، فاتورة، محفظة,"payment, invoice, wallet",,,إجابة مباشرة,Direct answer,No,,,Medium
82,الدفع والفواتير,Payments & Billing,المدفوعات والفواتير,Payments & Invoices,متى تصدر الفاتورة؟,When is the invoice issued?,حسب دورة الفوترة المعتمدة، لكل عملية أو شهرياً.,"According to the billing cycle, per transaction or monthly.",دفع، فاتورة، محفظة,"payment, invoice, wallet",,,إجابة مباشرة,Direct answer,No,,,Medium
83,الدفع والفواتير,Payments & Billing,المدفوعات والفواتير,Payments & Invoices,هل تدعمون الدفع عند الاستلام؟,Do you support cash on delivery?,يمكن دراسة الدفع عند الاستلام حسب شركة التوصيل والاتفاق التجاري.,COD can be reviewed depending on courier and commercial agreement.,دفع، فاتورة، محفظة,"payment, invoice, wallet",,,إجابة مباشرة,Direct answer,No,,,Medium
84,الدفع والفواتير,Payments & Billing,المدفوعات والفواتير,Payments & Invoices,متى يتم تحويل مبالغ COD؟,When are COD amounts transferred?,حسب دورة التسوية بعد التحصيل والمطابقة.,According to the settlement cycle after collection and reconciliation.,دفع، فاتورة، محفظة,"payment, invoice, wallet",,,إجابة مباشرة,Direct answer,No,,,Medium
85,الدفع والفواتير,Payments & Billing,المدفوعات والفواتير,Payments & Invoices,هل توجد رسوم COD؟,Are there COD fees?,قد تطبق رسوم حسب شركة التوصيل والاتفاق التجاري.,Fees may apply depending on courier and commercial agreement.,دفع، فاتورة، محفظة,"payment, invoice, wallet",,,إجابة مباشرة,Direct answer,No,,,Medium
86,الدفع والفواتير,Payments & Billing,المدفوعات والفواتير,Payments & Invoices,كيف أراجع كشف الحساب؟,How do I review my statement?,من قسم التقارير أو الفواتير مع التصفية حسب الفترة.,From reports or billing section with date filters.,دفع، فاتورة، محفظة,"payment, invoice, wallet",,,إجابة مباشرة,Direct answer,No,,,Medium
87,المرتجعات والاستبدال,Returns & Exchange,إدارة المرتجعات,Returns Management,هل توفرون خدمة الإرجاع؟,Do you provide returns?,نعم، حسب سياسة التاجر وشركة التوصيل والاتفاق التشغيلي.,"Yes, according to merchant policy, courier policy, and operational agreement.",مرتجع، إرجاع، استبدال,"return, exchange, refund",,,إجابة مباشرة,Direct answer,No,,,Medium
88,المرتجعات والاستبدال,Returns & Exchange,إدارة المرتجعات,Returns Management,كيف أنشئ طلب إرجاع؟,How do I create a return request?,اختر الطلب من التطبيق ثم طلب إرجاع وأدخل السبب والتعليمات.,"Select the order in the app, choose Return Request, then enter reason and instructions.",مرتجع، إرجاع، استبدال,"return, exchange, refund",,,إجابة مباشرة,Direct answer,No,,,Medium
89,المرتجعات والاستبدال,Returns & Exchange,إدارة المرتجعات,Returns Management,من يتحمل تكلفة الإرجاع؟,Who pays return cost?,يعتمد على سياسة التاجر والاتفاق التجاري والحالة.,"It depends on merchant policy, commercial agreement, and case.",مرتجع، إرجاع، استبدال,"return, exchange, refund",,,إجابة مباشرة,Direct answer,No,,,Medium
90,المرتجعات والاستبدال,Returns & Exchange,إدارة المرتجعات,Returns Management,هل يتم فحص المرتجع؟,Are returns inspected?,نعم، يتم فحص الحالة الظاهرية وتحديث النظام.,"Yes, visible condition is inspected and the system is updated.",مرتجع، إرجاع، استبدال,"return, exchange, refund",,,إجابة مباشرة,Direct answer,No,,,Medium
91,المرتجعات والاستبدال,Returns & Exchange,إدارة المرتجعات,Returns Management,هل يعود المرتجع للمخزون؟,Does returned stock go back to inventory?,إذا كان صالحاً للبيع يعود للمخزون، وإذا كان تالفاً يتم عزله أو تسجيل ملاحظة.,If sellable it returns to inventory; if damaged it is isolated or noted.,مرتجع، إرجاع، استبدال,"return, exchange, refund",,,إجابة مباشرة,Direct answer,No,,,Medium
92,المرتجعات والاستبدال,Returns & Exchange,إدارة المرتجعات,Returns Management,هل يمكن الاستبدال؟,Can I exchange a product?,نعم حسب توفر المنتج البديل وسياسة التاجر.,"Yes, depending on replacement availability and merchant policy.",مرتجع، إرجاع، استبدال,"return, exchange, refund",,,إجابة مباشرة,Direct answer,No,,,Medium
93,المرتجعات والاستبدال,Returns & Exchange,إدارة المرتجعات,Returns Management,هل يمكن تتبع المرتجع؟,Can I track a return?,نعم من التطبيق أو رقم التتبع إذا توفر.,"Yes, through the app or tracking number if available.",مرتجع، إرجاع، استبدال,"return, exchange, refund",,,إجابة مباشرة,Direct answer,No,,,Medium
94,المرتجعات والاستبدال,Returns & Exchange,إدارة المرتجعات,Returns Management,ماذا إذا كان المرتجع تالفاً؟,What if the returned product is damaged?,يتم تسجيل الحالة وإشعار التاجر لاتخاذ القرار حسب السياسة.,The condition is recorded and the merchant is notified to decide according to policy.,مرتجع، إرجاع، استبدال,"return, exchange, refund",,,إجابة مباشرة,Direct answer,No,,,Medium
95,التطبيق ولوحة التحكم,App & Dashboard,استخدام التطبيق,App Usage,كيف أستخدم التطبيق؟,How do I use the app?,بعد تسجيل الدخول يمكنك إدارة المنتجات والمخزون والطلبات والشحنات والفواتير.,"After login you can manage products, inventory, orders, shipments, and invoices.",تطبيق، لوحة، تقرير,"app, dashboard, report",,,إجابة مباشرة,Direct answer,No,,,Medium
96,التطبيق ولوحة التحكم,App & Dashboard,استخدام التطبيق,App Usage,هل التطبيق يدعم العربية والإنجليزية؟,Does the app support Arabic and English?,يفضل تفعيل اللغتين واختيار اللغة من الإعدادات.,Both languages should be enabled and selected from settings.,تطبيق، لوحة، تقرير,"app, dashboard, report",,,إجابة مباشرة,Direct answer,No,,,Medium
97,التطبيق ولوحة التحكم,App & Dashboard,استخدام التطبيق,App Usage,كيف أضيف منتجاً جديداً؟,How do I add a new product?,من المنتجات اختر إضافة منتج وأدخل الاسم والوصف وSKU والصورة والكمية.,"From Products choose Add Product and enter name, description, SKU, image, and quantity.",تطبيق، لوحة، تقرير,"app, dashboard, report",,,إجابة مباشرة,Direct answer,No,,,Medium
98,التطبيق ولوحة التحكم,App & Dashboard,استخدام التطبيق,App Usage,كيف أتابع الشحنة؟,How do I track shipment status?,افتح الطلب أو الشحنة لعرض الحالة ورقم التتبع والتحديثات.,"Open the order or shipment to view status, tracking number, and updates.",تطبيق، لوحة، تقرير,"app, dashboard, report",,,إجابة مباشرة,Direct answer,No,,,Medium
99,التطبيق ولوحة التحكم,App & Dashboard,استخدام التطبيق,App Usage,التطبيق لا يعمل، ماذا أفعل؟,The app is not working. What should I do?,حدث التطبيق، تحقق من الإنترنت، أعد تسجيل الدخول، ثم تواصل مع الدعم.,"Update the app, check internet, log in again, then contact support.",تطبيق، لوحة، تقرير,"app, dashboard, report",,,إجابة مباشرة,Direct answer,No,,,Medium
100,التطبيق ولوحة التحكم,App & Dashboard,استخدام التطبيق,App Usage,لم تصلني الإشعارات؟,I am not receiving notifications.,تأكد من تفعيل الإشعارات في إعدادات الهاتف والتطبيق.,Make sure notifications are enabled in phone and app settings.,تطبيق، لوحة، تقرير,"app, dashboard, report",,,إجابة مباشرة,Direct answer,No,,,Medium
101,التطبيق ولوحة التحكم,App & Dashboard,استخدام التطبيق,App Usage,هل يمكن تحميل التقارير Excel؟,Can I download reports in Excel?,نعم إذا كانت خاصية التصدير مفعلة.,"Yes, if export is enabled.",تطبيق، لوحة، تقرير,"app, dashboard, report",,,إجابة مباشرة,Direct answer,No,,,Medium
102,التطبيق ولوحة التحكم,App & Dashboard,استخدام التطبيق,App Usage,كيف أضيف مستخدماً؟,How do I add a user?,من إعدادات الحساب اختر المستخدمين والصلاحيات ثم أضف المستخدم.,"From account settings choose Users and Permissions, then add the user.",تطبيق، لوحة، تقرير,"app, dashboard, report",,,إجابة مباشرة,Direct answer,No,,,Medium
103,الربط التقني,Technical Integration,التكامل والـ API,Integration & API,هل يمكن ربط الخدمة بمتجري؟,Can the service integrate with my store?,نعم، يمكن دراسة الربط حسب المنصة والإمكانات التقنية.,"Yes, integration can be reviewed based on platform and technical capabilities.",ربط، API، متجر,"integration, API, store",,,إجابة مباشرة,Direct answer,No,,,Medium
104,الربط التقني,Technical Integration,التكامل والـ API,Integration & API,ما المنصات الممكن ربطها؟,Which platforms can be integrated?,يمكن دراسة Shopify وWooCommerce وMagento وغيرها حسب الأولوية.,"Shopify, WooCommerce, Magento, and others can be reviewed by priority.",ربط، API، متجر,"integration, API, store",,,إجابة مباشرة,Direct answer,No,,,Medium
105,الربط التقني,Technical Integration,التكامل والـ API,Integration & API,هل توفرون API؟,Do you provide an API?,يمكن توفير API أو آلية تكامل حسب جاهزية النظام والاعتماد التقني.,APIs or integration mechanisms may be provided based on system readiness and technical approval.,ربط، API، متجر,"integration, API, store",,,إجابة مباشرة,Direct answer,No,,,Medium
106,الربط التقني,Technical Integration,التكامل والـ API,Integration & API,هل توجد بيئة اختبار؟,Is there a sandbox?,قد تتوفر للحسابات التي تحتاج اختباراً قبل الإطلاق.,It may be available for accounts needing testing before launch.,ربط، API، متجر,"integration, API, store",,,إجابة مباشرة,Direct answer,No,,,Medium
107,الربط التقني,Technical Integration,التكامل والـ API,Integration & API,هل يتم سحب الطلبات تلقائياً؟,Can orders be pulled automatically?,نعم عند توفر الربط المناسب مع المتجر.,"Yes, when suitable store integration is available.",ربط، API، متجر,"integration, API, store",,,إجابة مباشرة,Direct answer,No,,,Medium
108,الربط التقني,Technical Integration,التكامل والـ API,Integration & API,هل يتحدث المخزون تلقائياً؟,Is inventory updated automatically?,نعم إذا كان الربط مفعلاً بشكل صحيح.,"Yes, if integration is properly enabled.",ربط، API، متجر,"integration, API, store",,,إجابة مباشرة,Direct answer,No,,,Medium
109,الربط التقني,Technical Integration,التكامل والـ API,Integration & API,كم يستغرق الربط؟,How long does integration take?,يعتمد على المنصة والنطاق وجاهزية البيانات والفرق التقنية.,"It depends on platform, scope, data readiness, and technical teams.",ربط، API، متجر,"integration, API, store",,,إجابة مباشرة,Direct answer,No,,,Medium
110,الربط التقني,Technical Integration,التكامل والـ API,Integration & API,ماذا إذا فشل الربط؟,What if integration fails?,ارفع تذكرة فنية مع وصف الخطأ ووقت حدوثه ورسائل النظام.,"Raise a technical ticket with error description, time, and system messages.",ربط، API، متجر,"integration, API, store",,,إجابة مباشرة,Direct answer,No,,,Medium
111,التقارير والتحليلات,Reports & Analytics,التقارير,Reports,ما التقارير المتاحة؟,What reports are available?,تقارير الطلبات والمخزون والشحنات والمرتجعات والمدفوعات ونسبة نجاح التوصيل.,"Orders, inventory, shipments, returns, payments, and delivery success rate reports.",تقرير، تحليل، أداء,"report, analytics, performance",,,إجابة مباشرة,Direct answer,No,,,Medium
112,التقارير والتحليلات,Reports & Analytics,التقارير,Reports,هل يمكن معرفة عدد الطلبات الشهرية؟,Can I see monthly order volume?,نعم من قسم التقارير أو لوحة المؤشرات.,"Yes, from reports or dashboard.",تقرير، تحليل، أداء,"report, analytics, performance",,,إجابة مباشرة,Direct answer,No,,,Medium
113,التقارير والتحليلات,Reports & Analytics,التقارير,Reports,هل يمكن معرفة المنتجات الأكثر طلباً؟,Can I see best-selling products?,نعم إذا كانت بيانات المنتجات والطلبات محدثة.,"Yes, if product and order data are updated.",تقرير، تحليل، أداء,"report, analytics, performance",,,إجابة مباشرة,Direct answer,No,,,Medium
114,التقارير والتحليلات,Reports & Analytics,التقارير,Reports,هل يمكن معرفة الطلبات المتأخرة؟,Can I see delayed orders?,نعم حسب الحالة أو تاريخ الإنشاء أو موعد التسليم المتوقع.,"Yes, by status, creation date, or expected delivery date.",تقرير، تحليل، أداء,"report, analytics, performance",,,إجابة مباشرة,Direct answer,No,,,Medium
115,التقارير والتحليلات,Reports & Analytics,التقارير,Reports,هل يمكن تحميل تقرير المرتجعات؟,Can I download a returns report?,نعم إذا كانت خاصية التصدير مفعلة.,"Yes, if export is enabled.",تقرير، تحليل، أداء,"report, analytics, performance",,,إجابة مباشرة,Direct answer,No,,,Medium
116,التقارير والتحليلات,Reports & Analytics,التقارير,Reports,هل يمكن إرسال التقارير بالبريد؟,Can reports be emailed?,قد تتوفر حسب إعدادات الحساب والنظام.,It may be available depending on account and system settings.,تقرير، تحليل، أداء,"report, analytics, performance",,,إجابة مباشرة,Direct answer,No,,,Medium
117,التقارير والتحليلات,Reports & Analytics,التقارير,Reports,هل يمكن مقارنة الأداء بين الأشهر؟,Can I compare monthly performance?,نعم، يمكن مقارنة الطلبات والتكاليف والمرتجعات ومؤشرات التوصيل.,"Yes, compare orders, costs, returns, and delivery KPIs.",تقرير، تحليل، أداء,"report, analytics, performance",,,إجابة مباشرة,Direct answer,No,,,Medium
118,التقارير والتحليلات,Reports & Analytics,التقارير,Reports,هل يمكن تصدير PDF؟,Can reports be exported to PDF?,قد يكون متاحاً لبعض التقارير حسب خصائص التطبيق.,It may be available for selected reports depending on app features.,تقرير، تحليل، أداء,"report, analytics, performance",,,إجابة مباشرة,Direct answer,No,,,Medium
119,استفسارات سريعة,Quick Inquiries,حالة الطلب أو الحساب,Status Inquiry,أين طلبي؟,Where is my order?,أدخل رقم الطلب أو التتبع لعرض آخر حالة.,Enter order or tracking number to view latest status.,حالة، طلب، دعم,"status, request, support",رقم الطلب أو التتبع,Order or tracking number,طلب بيانات ثم متابعة,Collect data then proceed,No,,,Medium
120,استفسارات سريعة,Quick Inquiries,حالة الطلب أو الحساب,Status Inquiry,أريد تتبع شحنة,I want to track a shipment,أدخل رقم الشحنة أو الطلب للتحقق من التتبع.,Enter shipment or order number to check tracking.,حالة، طلب، دعم,"status, request, support",رقم الشحنة أو الطلب,Shipment or order number,طلب بيانات ثم متابعة,Collect data then proceed,No,,,Medium
121,استفسارات سريعة,Quick Inquiries,حالة الطلب أو الحساب,Status Inquiry,أريد تقرير الطلبات,I need an order report,حدد الفترة المطلوبة لتحميل التقرير إذا كانت الصلاحية متاحة.,Select the required period to download the report if access is available.,حالة، طلب، دعم,"status, request, support",الفترة الزمنية,Date range,طلب بيانات ثم متابعة,Collect data then proceed,No,,,Medium
122,استفسارات سريعة,Quick Inquiries,حالة الطلب أو الحساب,Status Inquiry,أريد معرفة حالة الاشتراك,I want to check subscription status,سجل الدخول أو أدخل رقم الحساب لعرض الحالة.,Log in or enter account number to view status.,حالة، طلب، دعم,"status, request, support",رقم الحساب,Account number,طلب بيانات ثم متابعة,Collect data then proceed,No,,,Medium
123,استفسارات سريعة,Quick Inquiries,حالة الطلب أو الحساب,Status Inquiry,أريد ترقية الباقة,I want to upgrade my package,سيتم عرض الخيارات أو تحويل الطلب للفريق التجاري.,Options will be shown or routed to the commercial team.,حالة، طلب، دعم,"status, request, support",رقم الحساب والباقة المطلوبة,Account number and requested package,طلب بيانات ثم متابعة,Collect data then proceed,Yes,يتطلب متابعة بشرية أو تحقق من النظام,Requires human follow-up or system verification,Medium
124,استفسارات سريعة,Quick Inquiries,حالة الطلب أو الحساب,Status Inquiry,أريد عرض سعر,I need a quotation,زودنا بنوع المنتجات وحجم المخزون وعدد الطلبات ومناطق التوصيل.,"Provide product type, storage volume, order volume, and delivery areas.",حالة، طلب، دعم,"status, request, support",نوع المنتجات، حجم الطلبات، مناطق التوصيل,"Product type, order volume, delivery areas",طلب بيانات ثم متابعة,Collect data then proceed,Yes,يتطلب متابعة بشرية أو تحقق من النظام,Requires human follow-up or system verification,Medium
125,استفسارات سريعة,Quick Inquiries,حالة الطلب أو الحساب,Status Inquiry,أريد التحدث مع موظف,I want to speak to an agent,سيتم تحويلك إلى موظف خدمة العملاء.,You will be transferred to a customer service agent.,حالة، طلب، دعم,"status, request, support",سبب التواصل,Reason for contact,طلب بيانات ثم متابعة,Collect data then proceed,Yes,يتطلب متابعة بشرية أو تحقق من النظام,Requires human follow-up or system verification,Medium
126,استفسارات سريعة,Quick Inquiries,حالة الطلب أو الحساب,Status Inquiry,لدي مشكلة في الدفع,I have a payment issue,زودنا برقم العملية أو الفاتورة وصورة الدفع إن وجدت.,Provide transaction or invoice number and payment proof if available.,حالة، طلب، دعم,"status, request, support",رقم العملية أو الفاتورة,Transaction or invoice number,طلب بيانات ثم متابعة,Collect data then proceed,Yes,يتطلب متابعة بشرية أو تحقق من النظام,Requires human follow-up or system verification,Medium
127,استفسارات سريعة,Quick Inquiries,حالة الطلب أو الحساب,Status Inquiry,منتج مفقود,A product is missing,ارفع بلاغاً مع SKU ورقم الطلب أو طلب الإدخال.,Raise a case with SKU and order or inbound request number.,حالة، طلب، دعم,"status, request, support",SKU ورقم الطلب,SKU and order number,طلب بيانات ثم متابعة,Collect data then proceed,Yes,يتطلب متابعة بشرية أو تحقق من النظام,Requires human follow-up or system verification,Medium
128,استفسارات سريعة,Quick Inquiries,حالة الطلب أو الحساب,Status Inquiry,أريد طلب تعويض,I need compensation,سيتم فتح مطالبة ومراجعتها حسب السياسة والمستندات.,A claim will be opened and reviewed according to policy and documents.,حالة، طلب، دعم,"status, request, support",تفاصيل الحالة والمستندات,Case details and documents,طلب بيانات ثم متابعة,Collect data then proceed,Yes,يتطلب متابعة بشرية أو تحقق من النظام,Requires human follow-up or system verification,Medium
129,الأمان والتعويض,Security & Compensation,الأمان والمطالبات,Security & Claims,هل المنتجات آمنة؟,Are products safe?,نعم، تتم المناولة وفق إجراءات تشغيل تقلل مخاطر الفقد والتلف.,"Yes, handling follows operating procedures that reduce loss and damage risk.",دعم، أمان، إلغاء,"support, security, cancellation",,,إجابة مباشرة,Direct answer,No,,,Medium
130,الأمان والتعويض,Security & Compensation,الأمان والمطالبات,Security & Claims,ماذا إذا فقدت شحنة؟,What if a shipment is lost?,يجب رفع بلاغ برقم الشحنة وسيتم التحقق مع شركة التوصيل.,Raise a case with shipment number; the courier will be checked.,دعم، أمان، إلغاء,"support, security, cancellation",,,إجابة مباشرة,Direct answer,Yes,تحتاج تحقق أو مراجعة شروط,Requires verification or terms review,Medium
131,الأمان والتعويض,Security & Compensation,الأمان والمطالبات,Security & Claims,ماذا إذا تضررت شحنة؟,What if a shipment is damaged?,أرفق صور التلف ورقم الطلب وسيتم تقييم الحالة.,Attach damage photos and order number; the case will be assessed.,دعم، أمان، إلغاء,"support, security, cancellation",,,إجابة مباشرة,Direct answer,Yes,تحتاج تحقق أو مراجعة شروط,Requires verification or terms review,Medium
132,الأمان والتعويض,Security & Compensation,الأمان والمطالبات,Security & Claims,هل يتم تعويض قيمة المنتج كاملة؟,Is full product value compensated?,يعتمد التعويض على السياسة ونوع المنتج والمستندات المقدمة.,"Compensation depends on policy, product type, and submitted documents.",دعم، أمان، إلغاء,"support, security, cancellation",,,إجابة مباشرة,Direct answer,Yes,تحتاج تحقق أو مراجعة شروط,Requires verification or terms review,Medium
133,الأمان والتعويض,Security & Compensation,الأمان والمطالبات,Security & Claims,هل بيانات العملاء محمية؟,Is customer data protected?,يتم التعامل مع البيانات وفق سياسات حماية البيانات المعتمدة.,Data is handled according to approved data protection policies.,دعم، أمان، إلغاء,"support, security, cancellation",,,إجابة مباشرة,Direct answer,No,,,Medium
134,الإلغاء وإنهاء الخدمة,Cancellation & Termination,إلغاء الاشتراك,Subscription Cancellation,كيف ألغي الاشتراك؟,How do I cancel subscription?,قدم طلب إلغاء من التطبيق أو الدعم وسيتم مراجعته حسب الشروط.,Submit cancellation through app or support; it will be reviewed by terms.,دعم، أمان، إلغاء,"support, security, cancellation",,,إجابة مباشرة,Direct answer,Yes,تحتاج تحقق أو مراجعة شروط,Requires verification or terms review,Medium
135,الإلغاء وإنهاء الخدمة,Cancellation & Termination,إلغاء الاشتراك,Subscription Cancellation,ماذا يحدث للمخزون عند الإلغاء؟,What happens to inventory after cancellation?,يجب سحب المخزون أو إرجاعه أو تصفيته قبل الإغلاق النهائي.,"Inventory must be withdrawn, returned, or cleared before final closure.",دعم، أمان، إلغاء,"support, security, cancellation",,,إجابة مباشرة,Direct answer,Yes,تحتاج تحقق أو مراجعة شروط,Requires verification or terms review,Medium
136,الإلغاء وإنهاء الخدمة,Cancellation & Termination,إلغاء الاشتراك,Subscription Cancellation,هل يمكن إيقاف الخدمة مؤقتاً؟,Can I pause the service?,يمكن دراسة الإيقاف المؤقت حسب الباقة والطلبات والمخزون.,"Temporary pause can be reviewed by package, orders, and inventory.",دعم، أمان، إلغاء,"support, security, cancellation",,,إجابة مباشرة,Direct answer,No,,,Medium
137,الإلغاء وإنهاء الخدمة,Cancellation & Termination,إلغاء الاشتراك,Subscription Cancellation,هل يمكن استرداد رصيد المحفظة؟,Can wallet balance be refunded?,يمكن دراسة الرصيد بعد تسوية الرسوم والفواتير.,Balance can be reviewed after settling fees and invoices.,دعم، أمان، إلغاء,"support, security, cancellation",,,إجابة مباشرة,Direct answer,Yes,تحتاج تحقق أو مراجعة شروط,Requires verification or terms review,Medium
138,الدعم والشكاوى,Support & Complaints,الدعم الفني وخدمة العملاء,Support Request,كيف أتواصل مع الدعم؟,How do I contact support?,من التطبيق أو البريد أو القنوات المعتمدة في صفحة الدعم.,"Through app, email, or approved channels on the support page.",دعم، أمان، إلغاء,"support, security, cancellation",,,إجابة مباشرة,Direct answer,No,,,Medium
139,الدعم والشكاوى,Support & Complaints,الدعم الفني وخدمة العملاء,Support Request,كيف أرفع شكوى؟,How do I submit a complaint?,اختر الشكاوى من التطبيق، أدخل التفاصيل، وأرفق المستندات.,"Choose complaints in the app, enter details, and attach documents.",دعم، أمان، إلغاء,"support, security, cancellation",,,إجابة مباشرة,Direct answer,No,,,Medium
140,الدعم والشكاوى,Support & Complaints,الدعم الفني وخدمة العملاء,Support Request,كم يستغرق الرد؟,How long does response take?,يعتمد على نوع الطلب وسيتم تزويدك برقم مرجعي.,It depends on request type and a reference number will be provided.,دعم، أمان، إلغاء,"support, security, cancellation",,,إجابة مباشرة,Direct answer,No,,,Medium
